시군구명,도로구간명,구간시점명,구간종점명,수종명,수목흉고직경,가로내녹지유형명,도로변녹지유형명,기후대구분명,입지명,지역X좌표,지역Y좌표,좌표계코드,시군구별가로수번호
전주시 덕진구,샘플구간A,샘플구간A 시점,샘플구간A 종점,느티나무,30,보도,,온대중부,도심,127.1250000,35.8420541,EPSG:4326,JJ-00001
전주시 덕진구,샘플구간A,샘플구간A 시점,샘플구간A 종점,느티나무,25,중앙분리대,,온대중부,도심,127.1251695,35.8420541,EPSG:4326,JJ-00002
전주시 덕진구,샘플구간A,샘플구간A 시점,샘플구간A 종점,느티나무,28,보도,,온대중부,도심,,,EPSG:4326,JJ-00003
전주시 덕진구,샘플구간A,샘플구간A 시점,샘플구간A 종점,느티나무,24,중앙분리대,,온대중부,도심,127.1255085,35.8420541,EPSG:4326,JJ-00004
전주시 덕진구,샘플구간A,샘플구간A 시점,샘플구간A 종점,느티나무,31,중앙분리대,,온대중부,도심,127.1256780,35.8420541,EPSG:4326,JJ-00005
전주시 덕진구,샘플구간A,샘플구간A 시점,샘플구간A 종점,느티나무,28,보도,,온대중부,도심,127.1258475,35.8420541,EPSG:4326,JJ-00006
전주시 덕진구,샘플구간A,샘플구간A 시점,샘플구간A 종점,느티나무,20,중앙분리대,,온대중부,도심,127.1260169,35.8420541,EPSG:4326,JJ-00007
전주시 덕진구,샘플구간A,샘플구간A 시점,샘플구간A 종점, 느티나무 ,20,중앙분리대,,온대중부,도심,127.1261864,35.8420541,EPSG:4326,JJ-00008
전주시 덕진구,샘플구간A,샘플구간A 시점,샘플구간A 종점,느티나무,26,중앙분리대,,온대중부,도심,127.1263559,35.8420541,EPSG:4326,JJ-00009
전주시 덕진구,샘플구간A,샘플구간A 시점,샘플구간A 종점,느티나무,29,보도,,온대중부,도심,211430.70,360526.75,5186,JJ-00010
전주시 덕진구,샘플구간A,샘플구간A 시점,샘플구간A 종점,느티나무,15,중앙분리대,,온대중부,도심,127.1266949,35.8420541,EPSG:4326,JJ-00011
전주시 덕진구,샘플구간A,샘플구간A 시점,샘플구간A 종점,느티나무,29,중앙분리대,,온대중부,도심,127.1268644,35.8420541,EPSG:4326,JJ-00012
전주시 덕진구,샘플구간A,샘플구간A 시점,샘플구간A 종점,느티나무,25,보도,,온대중부,도심,127.1270339,35.8420541,EPSG:4326,JJ-00013
전주시 덕진구,샘플구간A,샘플구간A 시점,샘플구간A 종점,느티나무,측정불가,보도,,온대중부,도심,127.1272034,35.8420541,EPSG:4326,JJ-00014
전주시 덕진구,샘플구간A,샘플구간A 시점,샘플구간A 종점,느티나무,28,보도,,온대중부,도심,127.1273729,35.8420541,EPSG:4326,JJ-00015
전주시 덕진구,샘플구간A,샘플구간A 시점,샘플구간A 종점,느티나무,27,중앙분리대,,온대중부,도심,127.1275424,35.8420541,EPSG:4326,JJ-00016
전주시 덕진구,샘플구간A,샘플구간A 시점,샘플구간A 종점,느티나무,28,중앙분리대,,온대중부,도심,127.1277119,35.8420541,EPSG:4326,JJ-00017
전주시 덕진구,샘플구간A,샘플구간A 시점,샘플구간A 종점,느티나무,39,중앙분리대,,온대중부,도심,127.1278814,35.8420541,EPSG:4326,JJ-00018
전주시 덕진구,샘플구간A,샘플구간A 시점,샘플구간A 종점,느티나무,35,중앙분리대,,온대중부,도심,127.1280508,35.8420541,EPSG:4326,JJ-00019
전주시 덕진구,샘플구간A,샘플구간A 시점,샘플구간A 종점,느티나무,999,보도,,온대중부,도심,127.1282203,35.8420541,EPSG:4326,JJ-00020
전주시 덕진구,샘플구간A,샘플구간A 시점,샘플구간A 종점,느티나무,21,보도,,온대중부,도심,127.1283898,35.8420541,EPSG:4326,JJ-00021
전주시 덕진구,샘플구간A,샘플구간A 시점,샘플구간A 종점,느티나무,27,보도,,온대중부,도심,127.1285593,35.8420541,EPSG:4326,JJ-00022
전주시 덕진구,샘플구간A,샘플구간A 시점,샘플구간A 종점,느티나무,28,보도,,온대중부,도심,127.1287288,35.8420541,EPSG:4326,JJ-00023
전주시 덕진구,샘플구간A,샘플구간A 시점,샘플구간A 종점,느티나무,24,중앙분리대,,온대중부,도심,127.1288983,35.8420541,EPSG:4326,JJ-00024
전주시 덕진구,샘플구간A,샘플구간A 시점,샘플구간A 종점,느티나무,25,중앙분리대,,온대중부,도심,127.1290678,35.8420541,EPSG:4326,JJ-00025
전주시 덕진구,샘플구간A,샘플구간A 시점,샘플구간A 종점,느티나무,24,보도,,온대중부,도심,127.1292373,35.8420541,EPSG:4326,JJ-00026
전주시 덕진구,샘플구간A,샘플구간A 시점,샘플구간A 종점,느티나무,35,보도,,온대중부,도심,,,EPSG:4326,JJ-00027
전주시 덕진구,샘플구간A,샘플구간A 시점,샘플구간A 종점,느티나무,23,중앙분리대,,온대중부,도심,127.1295763,35.8420541,EPSG:4326,JJ-00028
전주시 덕진구,샘플구간A,샘플구간A 시점,샘플구간A 종점,느티나무,17,보도,,온대중부,도심,127.1297458,35.8420541,EPSG:4326,JJ-00029
전주시 덕진구,샘플구간A,샘플구간A 시점,샘플구간A 종점,느티나무,38,보도,,온대중부,도심,127.1299153,35.8420541,EPSG:4326,JJ-00030
전주시 덕진구,샘플구간A,샘플구간A 시점,샘플구간A 종점,느티나무,26,중앙분리대,,온대중부,도심,127.1300847,35.8420541,EPSG:4326,JJ-00031
전주시 덕진구,샘플구간A,샘플구간A 시점,샘플구간A 종점,느티나무,41,보도,,온대중부,도심,127.1302542,35.8420541,EPSG:4326,JJ-00032
전주시 덕진구,샘플구간A,샘플구간A 시점,샘플구간A 종점,느티나무,26,보도,,온대중부,도심,127.1304237,35.8420541,EPSG:4326,JJ-00033
전주시 덕진구,샘플구간A,샘플구간A 시점,샘플구간A 종점,느티나무,27,보도,,온대중부,도심,127.1305932,35.8420541,EPSG:4326,JJ-00034
전주시 덕진구,샘플구간A,샘플구간A 시점,샘플구간A 종점,느티나무,28,중앙분리대,,온대중부,도심,127.1307627,35.8420541,EPSG:4326,JJ-00035
전주시 덕진구,샘플구간A,샘플구간A 시점,샘플구간A 종점,느티나무,33,보도,,온대중부,도심,127.1309322,35.8420541,EPSG:4326,JJ-00036
전주시 덕진구,샘플구간A,샘플구간A 시점,샘플구간A 종점,느티나무,33,중앙분리대,,온대중부,도심,127.1311017,35.8420541,EPSG:4326,JJ-00037
전주시 덕진구,샘플구간A,샘플구간A 시점,샘플구간A 종점,느티나무,,보도,,온대중부,도심,127.1312712,35.8420541,EPSG:4326,JJ-00038
전주시 덕진구,샘플구간A,샘플구간A 시점,샘플구간A 종점,느티나무,20,중앙분리대,,온대중부,도심,127.1314407,35.8420541,EPSG:4326,JJ-00039
전주시 덕진구,샘플구간A,샘플구간A 시점,샘플구간A 종점,느티나무,17,보도,,온대중부,도심,127.1316102,35.8420541,EPSG:4326,JJ-00040
전주시 덕진구,샘플구간A,샘플구간A 시점,샘플구간A 종점,느티나무,22,보도,,온대중부,도심,127.1317797,35.8420541,EPSG:4326,JJ-00041
전주시 덕진구,샘플구간A,샘플구간A 시점,샘플구간A 종점,미상,23,보도,,온대중부,도심,127.1319492,35.8420541,EPSG:4326,JJ-00042
전주시 덕진구,샘플구간A,샘플구간A 시점,샘플구간A 종점,느티나무,29,중앙분리대,,온대중부,도심,127.1321186,35.8420541,EPSG:4326,JJ-00043
전주시 덕진구,샘플구간A,샘플구간A 시점,샘플구간A 종점,느티나무,27,보도,,온대중부,도심,127.1322881,35.8420541,EPSG:4326,JJ-00044
전주시 덕진구,샘플구간A,샘플구간A 시점,샘플구간A 종점,느티나무,32,보도,,온대중부,도심,127.1324576,35.8420541,EPSG:4326,JJ-00045
전주시 덕진구,샘플구간A,샘플구간A 시점,샘플구간A 종점,느티나무,28,중앙분리대,,온대중부,도심,127.1326271,35.8420541,EPSG:4326,JJ-00046
전주시 덕진구,샘플구간A,샘플구간A 시점,샘플구간A 종점,느티나무,30,중앙분리대,,온대중부,도심,127.1327966,35.8420541,EPSG:4326,JJ-00047
전주시 덕진구,샘플구간A,샘플구간A 시점,샘플구간A 종점,느티나무,29,보도,,온대중부,도심,212012.58,360527.53,5186,JJ-00048
전주시 덕진구,샘플구간A,샘플구간A 시점,샘플구간A 종점,느티나무,24,중앙분리대,,온대중부,도심,127.1331356,35.8420541,EPSG:4326,JJ-00049
전주시 덕진구,샘플구간A,샘플구간A 시점,샘플구간A 종점,느티나무,21,보도,,온대중부,도심,127.1333051,35.8420541,EPSG:4326,JJ-00050
전주시 덕진구,샘플구간A,샘플구간A 시점,샘플구간A 종점,느티나무,16,보도,,온대중부,도심,127.1334746,35.8420541,EPSG:4326,JJ-00051
전주시 덕진구,샘플구간A,샘플구간A 시점,샘플구간A 종점,느티나무,34,보도,,온대중부,도심,127.1336441,35.8420541,EPSG:4326,JJ-00052
전주시 덕진구,샘플구간A,샘플구간A 시점,샘플구간A 종점,느티나무,34,보도,,온대중부,도심,127.1338136,35.8420541,EPSG:4326,JJ-00053
전주시 덕진구,샘플구간A,샘플구간A 시점,샘플구간A 종점,느티나무,38,보도,,온대중부,도심,127.1339831,35.8420541,EPSG:4326,JJ-00054
전주시 덕진구,샘플구간A,샘플구간A 시점,샘플구간A 종점,느티나무,28,중앙분리대,,온대중부,도심,127.1341525,35.8420541,EPSG:4326,JJ-00055
전주시 덕진구,샘플구간A,샘플구간A 시점,샘플구간A 종점,느티나무,22,보도,,온대중부,도심,127.1343220,35.8420541,EPSG:4326,JJ-00056
전주시 덕진구,샘플구간A,샘플구간A 시점,샘플구간A 종점,느티나무,24,중앙분리대,,온대중부,도심,127.1344915,35.8420541,EPSG:4326,JJ-00057
전주시 덕진구,샘플구간A,샘플구간A 시점,샘플구간A 종점,느티나무,24,중앙분리대,,온대중부,도심,127.1346610,35.8420541,EPSG:4326,JJ-00058
전주시 덕진구,샘플구간A,샘플구간A 시점,샘플구간A 종점,느티나무,38,보도,,온대중부,도심,127.1348305,35.8420541,EPSG:4326,JJ-00059
전주시 덕진구,샘플구간A,샘플구간A 시점,샘플구간A 종점,느티나무,28,보도,,온대중부,도심,127.1350000,35.8420541,EPSG:4326,JJ-00060
전주시 덕진구,샘플구간B,샘플구간B 시점,샘플구간B 종점,은행나무,28,보도,,온대중부,도심,127.1349333,35.8420000,EPSG:4326,JJ-00061
전주시 덕진구,샘플구간B,샘플구간B 시점,샘플구간B 종점,은행나무,41,중앙분리대,,온대중부,도심,127.1349333,35.8421364,EPSG:4326,JJ-00062
전주시 덕진구,샘플구간B,샘플구간B 시점,샘플구간B 종점,은행나무,28,중앙분리대,,온대중부,도심,127.1349333,35.8422727,EPSG:4326,JJ-00063
전주시 덕진구,샘플구간B,샘플구간B 시점,샘플구간B 종점,은행나무,0,보도,,온대중부,도심,127.1349333,35.8424091,EPSG:4326,JJ-00064
전주시 덕진구,샘플구간B,샘플구간B 시점,샘플구간B 종점,은행나무,24,보도,,온대중부,도심,127.1349333,35.8425455,EPSG:4326,JJ-00065
전주시 덕진구,샘플구간B,샘플구간B 시점,샘플구간B 종점,은행나무,41,보도,,온대중부,도심,127.1349333,35.8426818,EPSG:4326,JJ-00066
전주시 덕진구,샘플구간B,샘플구간B 시점,샘플구간B 종점,은행나무,29,보도,,온대중부,도심,127.1349333,35.8428182,EPSG:4326,JJ-00067
전주시 덕진구,샘플구간B,샘플구간B 시점,샘플구간B 종점,모과나무,22,보도,,온대중부,도심,127.1349333,35.8429545,EPSG:4326,JJ-00068
전주시 덕진구,샘플구간B,샘플구간B 시점,샘플구간B 종점,은행나무,30,보도,,온대중부,도심,127.1349333,35.8430909,EPSG:4326,JJ-00069
전주시 덕진구,샘플구간B,샘플구간B 시점,샘플구간B 종점,은행나무,27,보도,,온대중부,도심,127.1349333,35.8432273,EPSG:4326,JJ-00070
전주시 덕진구,샘플구간B,샘플구간B 시점,샘플구간B 종점,은행나무,24,중앙분리대,,온대중부,도심,127.1349333,35.8433636,EPSG:4326,JJ-00071
전주시 덕진구,샘플구간B,샘플구간B 시점,샘플구간B 종점,은행나무,27,중앙분리대,,온대중부,도심,127.1349333,35.8435000,EPSG:4326,JJ-00072
전주시 덕진구,샘플구간B,샘플구간B 시점,샘플구간B 종점,은행나무,30,중앙분리대,,온대중부,도심,127.1349333,35.8436364,EPSG:4326,JJ-00073
전주시 덕진구,샘플구간B,샘플구간B 시점,샘플구간B 종점,은행나무,34,보도,,온대중부,도심,127.1349333,35.8437727,EPSG:4326,JJ-00074
전주시 덕진구,샘플구간B,샘플구간B 시점,샘플구간B 종점,은행나무,29,보도,,온대중부,도심,127.1349333,35.8439091,EPSG:4326,JJ-00075
전주시 덕진구,샘플구간B,샘플구간B 시점,샘플구간B 종점,은행나무,35,보도,,온대중부,도심,127.1349333,35.8440455,EPSG:4326,JJ-00076
전주시 덕진구,샘플구간B,샘플구간B 시점,샘플구간B 종점,은행나무,27,보도,,온대중부,도심,127.1349333,35.8441818,EPSG:4326,JJ-00077
전주시 덕진구,샘플구간B,샘플구간B 시점,샘플구간B 종점,은행나무,37,보도,,온대중부,도심,127.1349333,35.8443182,EPSG:4326,JJ-00078
전주시 덕진구,샘플구간B,샘플구간B 시점,샘플구간B 종점,은행나무,34,보도,,온대중부,도심,127.1349333,35.8444545,EPSG:4326,JJ-00079
전주시 덕진구,샘플구간B,샘플구간B 시점,샘플구간B 종점,은행나무,37,중앙분리대,,온대중부,도심,127.1349333,35.8445909,EPSG:4326,JJ-00080
전주시 덕진구,샘플구간B,샘플구간B 시점,샘플구간B 종점,은행나무,42,보도,,온대중부,도심,127.1349333,35.8447273,EPSG:4326,JJ-00081
전주시 덕진구,샘플구간B,샘플구간B 시점,샘플구간B 종점,은행나무,33,보도,,온대중부,도심,127.1349333,35.8448636,EPSG:4326,JJ-00082
전주시 덕진구,샘플구간B,샘플구간B 시점,샘플구간B 종점,은행나무,45,중앙분리대,,온대중부,도심,127.1349333,35.8450000,EPSG:4326,JJ-00083
전주시 덕진구,샘플구간B,샘플구간B 시점,샘플구간B 종점,은행나무,21,중앙분리대,,온대중부,도심,127.1349333,35.8451364,UNKNOWN,JJ-00084
전주시 덕진구,샘플구간B,샘플구간B 시점,샘플구간B 종점,은행나무,24,보도,,온대중부,도심,127.1349333,35.8452727,EPSG:4326,JJ-00085
전주시 덕진구,샘플구간B,샘플구간B 시점,샘플구간B 종점,은행나무,21,보도,,온대중부,도심,127.1349333,35.8454091,EPSG:4326,JJ-00086
전주시 덕진구,샘플구간B,샘플구간B 시점,샘플구간B 종점,은행나무,32,보도,,온대중부,도심,212189.77,360915.16,5186,JJ-00087
전주시 덕진구,샘플구간B,샘플구간B 시점,샘플구간B 종점,은행나무,30,보도,,온대중부,도심,127.1349333,35.8456818,EPSG:4326,JJ-00088
전주시 덕진구,샘플구간B,샘플구간B 시점,샘플구간B 종점,은행나무,22,보도,,온대중부,도심,212189.72,360945.42,5186,JJ-00089
전주시 덕진구,샘플구간B,샘플구간B 시점,샘플구간B 종점,은행나무,21,보도,,온대중부,도심,127.1349333,35.8459545,EPSG:4326,JJ-00090
전주시 덕진구,샘플구간B,샘플구간B 시점,샘플구간B 종점,은행나무,30,중앙분리대,,온대중부,도심,127.1349333,35.8460909,EPSG:4326,JJ-00091
전주시 덕진구,샘플구간B,샘플구간B 시점,샘플구간B 종점,은행나무,26,중앙분리대,,온대중부,도심,127.1349333,35.8462273,EPSG:4326,JJ-00092
전주시 덕진구,샘플구간B,샘플구간B 시점,샘플구간B 종점,은행나무,25,보도,,온대중부,도심,127.1349333,35.8463636,EPSG:4326,JJ-00093
전주시 덕진구,샘플구간B,샘플구간B 시점,샘플구간B 종점,은행나무,32,중앙분리대,,온대중부,도심,127.1349333,35.8465000,EPSG:4326,JJ-00094
전주시 덕진구,샘플구간B,샘플구간B 시점,샘플구간B 종점,은행나무,47,보도,,온대중부,도심,127.1349333,35.8466364,EPSG:4326,JJ-00095
전주시 덕진구,샘플구간B,샘플구간B 시점,샘플구간B 종점,모과나무,18,보도,,온대중부,도심,127.1349333,35.8467727,EPSG:4326,JJ-00096
전주시 덕진구,샘플구간B,샘플구간B 시점,샘플구간B 종점,은행나무,22,중앙분리대,,온대중부,도심,,,EPSG:4326,JJ-00097
전주시 덕진구,샘플구간B,샘플구간B 시점,샘플구간B 종점,은행나무,29,보도,,온대중부,도심,127.1349333,35.8470455,EPSG:4326,JJ-00098
전주시 덕진구,샘플구간B,샘플구간B 시점,샘플구간B 종점,은행나무,28,중앙분리대,,온대중부,도심,127.1349333,35.8471818,EPSG:4326,JJ-00099
전주시 덕진구,샘플구간B,샘플구간B 시점,샘플구간B 종점,은행나무,18,중앙분리대,,온대중부,도심,127.1349333,35.8473182,EPSG:4326,JJ-00100
전주시 덕진구,샘플구간B,샘플구간B 시점,샘플구간B 종점,은행나무,19,중앙분리대,,온대중부,도심,127.1349333,35.8474545,EPSG:4326,JJ-00101
전주시 덕진구,샘플구간B,샘플구간B 시점,샘플구간B 종점,은행나무,27,보도,,온대중부,도심,127.1349333,35.8475909,EPSG:4326,JJ-00102
전주시 덕진구,샘플구간B,샘플구간B 시점,샘플구간B 종점,은행나무,30,중앙분리대,,온대중부,도심,,,EPSG:4326,JJ-00103
전주시 덕진구,샘플구간B,샘플구간B 시점,샘플구간B 종점,은행나무,38,보도,,온대중부,도심,127.1349333,35.8478636,EPSG:4326,JJ-00104
전주시 덕진구,샘플구간B,샘플구간B 시점,샘플구간B 종점,은행나무,30,보도,,온대중부,도심,127.1349333,35.8480000,EPSG:4326,JJ-00105
전주시 덕진구,샘플구간B,샘플구간B 시점,샘플구간B 종점,은행나무,36,보도,,온대중부,도심,127.1349333,35.8481364,EPSG:4326,JJ-00106
전주시 덕진구,샘플구간B,샘플구간B 시점,샘플구간B 종점,은행나무,31,중앙분리대,,온대중부,도심,127.1349333,35.8482727,EPSG:4326,JJ-00107
전주시 덕진구,샘플구간B,샘플구간B 시점,샘플구간B 종점,은행나무,26,보도,,온대중부,도심,127.1349333,35.8484091,EPSG:4326,JJ-00108
전주시 덕진구,샘플구간B,샘플구간B 시점,샘플구간B 종점,은행나무,23,보도,,온대중부,도심,127.1349333,35.8485455,EPSG:4326,JJ-00109
전주시 덕진구,샘플구간B,샘플구간B 시점,샘플구간B 종점,은행나무,22,중앙분리대,,온대중부,도심,127.1349333,35.8486818,EPSG:4326,JJ-00110
전주시 덕진구,샘플구간B,샘플구간B 시점,샘플구간B 종점,은행나무,41,보도,,온대중부,도심,212189.27,361278.29,5186,JJ-00111
전주시 덕진구,샘플구간B,샘플구간B 시점,샘플구간B 종점,은행나무,33,중앙분리대,,온대중부,도심,127.1349333,35.8489545,EPSG:4326,JJ-00112
전주시 덕진구,샘플구간B,샘플구간B 시점,샘플구간B 종점,은행나무,,보도,,온대중부,도심,127.1349333,35.8490909,EPSG:4326,JJ-00113
전주시 덕진구,샘플구간B,샘플구간B 시점,샘플구간B 종점,은행나무,24,보도,,온대중부,도심,127.1349333,35.8492273,EPSG:4326,JJ-00114
전주시 덕진구,샘플구간B,샘플구간B 시점,샘플구간B 종점,은행나무,29,보도,,온대중부,도심,127.1349333,35.8493636,EPSG:4326,JJ-00115
전주시 덕진구,샘플구간B,샘플구간B 시점,샘플구간B 종점,은행나무,30,중앙분리대,,온대중부,도심,127.1349333,35.8495000,EPSG:4326,JJ-00116
전주시 덕진구,샘플구간B,샘플구간B 시점,샘플구간B 종점,은행나무,27,보도,,온대중부,도심,127.1349333,35.8496364,EPSG:4326,JJ-00117
전주시 덕진구,샘플구간B,샘플구간B 시점,샘플구간B 종점,은행나무,42,보도,,온대중부,도심,212189.12,361384.20,5186,JJ-00118
전주시 덕진구,샘플구간B,샘플구간B 시점,샘플구간B 종점,모과나무,23,보도,,온대중부,도심,127.1349333,35.8499091,EPSG:4326,JJ-00119
전주시 덕진구,샘플구간B,샘플구간B 시점,샘플구간B 종점,은행나무,31,중앙분리대,,온대중부,도심,127.1349333,35.8500455,EPSG:4326,JJ-00120
전주시 덕진구,샘플구간B,샘플구간B 시점,샘플구간B 종점,은행나무,29,보도,,온대중부,도심,127.1349333,35.8501818,EPSG:4326,JJ-00121
전주시 덕진구,샘플구간B,샘플구간B 시점,샘플구간B 종점,은행나무,34,중앙분리대,,온대중부,도심,127.1349333,35.8503182,EPSG:4326,JJ-00122
전주시 덕진구,샘플구간B,샘플구간B 시점,샘플구간B 종점,은행나무,26,보도,,온대중부,도심,127.1349333,35.8504545,EPSG:4326,JJ-00123
전주시 덕진구,샘플구간B,샘플구간B 시점,샘플구간B 종점,은행나무,34,보도,,온대중부,도심,127.1349333,35.8505909,EPSG:4326,JJ-00124
전주시 덕진구,샘플구간B,샘플구간B 시점,샘플구간B 종점,은행나무,28,보도,,온대중부,도심,127.1349333,35.8507273,EPSG:4326,JJ-00125
전주시 덕진구,샘플구간B,샘플구간B 시점,샘플구간B 종점,은행나무,36,중앙분리대,,온대중부,도심,127.1349333,35.8508636,EPSG:4326,JJ-00126
전주시 덕진구,샘플구간B,샘플구간B 시점,샘플구간B 종점,은행나무,29,중앙분리대,,온대중부,도심,127.1349333,35.8510000,EPSG:4326,JJ-00127
전주시 덕진구,샘플구간C,샘플구간C 시점,샘플구간C 종점,왕벚나무,16,보도,,온대중부,도심,127.1269746,35.8470500,EPSG:4326,JJ-00128
전주시 덕진구,샘플구간C,샘플구간C 시점,샘플구간C 종점,왕벚나무,19,중앙분리대,,온대중부,도심,127.1271325,35.8471026,EPSG:4326,JJ-00129
전주시 덕진구,샘플구간C,샘플구간C 시점,샘플구간C 종점,왕벚나무,28,중앙분리대,,온대중부,도심,127.1272904,35.8471553,EPSG:4326,JJ-00130
전주시 덕진구,샘플구간C,샘플구간C 시점,샘플구간C 종점,왕벚나무,22,보도,,온대중부,도심,127.1274483,35.8472079,EPSG:4326,JJ-00131
전주시 덕진구,샘플구간C,샘플구간C 시점,샘플구간C 종점,왕벚나무,24,보도,,온대중부,도심,127.1276062,35.8472605,EPSG:4326,JJ-00132
전주시 덕진구,샘플구간C,샘플구간C 시점,샘플구간C 종점,왕벚나무,27,중앙분리대,,온대중부,도심,127.1277641,35.8473131,EPSG:4326,JJ-00133
전주시 덕진구,샘플구간C,샘플구간C 시점,샘플구간C 종점,왕벚나무,23,보도,,온대중부,도심,127.1279220,35.8473658,EPSG:4326,JJ-00134
전주시 덕진구,샘플구간C,샘플구간C 시점,샘플구간C 종점,왕벚나무,26,보도,,온대중부,도심,127.1280799,35.8474184,EPSG:4326,JJ-00135
전주시 덕진구,샘플구간C,샘플구간C 시점,샘플구간C 종점,왕벚나무,33,보도,,온대중부,도심,127.1282378,35.8474710,EPSG:4326,JJ-00136
전주시 덕진구,샘플구간C,샘플구간C 시점,샘플구간C 종점,왕벚나무,31,중앙분리대,,온대중부,도심,127.1283957,35.8475237,EPSG:4326,JJ-00137
전주시 덕진구,샘플구간C,샘플구간C 시점,샘플구간C 종점,왕벚나무,28,중앙분리대,,온대중부,도심,127.1285536,35.8475763,EPSG:4326,JJ-00138
전주시 덕진구,샘플구간C,샘플구간C 시점,샘플구간C 종점,왕벚나무,23,중앙분리대,,온대중부,도심,127.1287115,35.8476289,EPSG:4326,JJ-00139
전주시 덕진구,샘플구간C,샘플구간C 시점,샘플구간C 종점,왕벚나무,20,보도,,온대중부,도심,127.1288694,35.8476816,EPSG:4326,JJ-00140
전주시 덕진구,샘플구간C,샘플구간C 시점,샘플구간C 종점,왕벚나무,35,보도,,온대중부,도심,211655.90,361157.29,5186,JJ-00141
전주시 덕진구,샘플구간C,샘플구간C 시점,샘플구간C 종점,왕벚나무,19,보도,,온대중부,도심,127.1291852,35.8477868,EPSG:4326,JJ-00142
전주시 덕진구,샘플구간C,샘플구간C 시점,샘플구간C 종점,왕벚나무,0,중앙분리대,,온대중부,도심,127.1293431,35.8478395,EPSG:4326,JJ-00143
전주시 덕진구,샘플구간C,샘플구간C 시점,샘플구간C 종점,왕벚나무,26,보도,,온대중부,도심,127.1295010,35.8478921,EPSG:4326,JJ-00144
전주시 덕진구,샘플구간C,샘플구간C 시점,샘플구간C 종점, 왕벚나무 ,24,보도,,온대중부,도심,127.1296588,35.8479447,EPSG:4326,JJ-00145
전주시 덕진구,샘플구간C,샘플구간C 시점,샘플구간C 종점,왕벚나무,27,보도,,온대중부,도심,127.1298167,35.8479974,EPSG:4326,JJ-00146
전주시 덕진구,샘플구간C,샘플구간C 시점,샘플구간C 종점,왕벚나무,28,보도,,온대중부,도심,127.1299746,35.8480500,EPSG:4326,JJ-00147
전주시 덕진구,샘플구간C,샘플구간C 시점,샘플구간C 종점,왕벚나무,26,보도,,온대중부,도심,127.1301325,35.8481026,EPSG:4326,JJ-00148
전주시 덕진구,샘플구간C,샘플구간C 시점,샘플구간C 종점,왕벚나무,17,중앙분리대,,온대중부,도심,127.1302904,35.8481553,EPSG:4326,JJ-00149
전주시 덕진구,샘플구간C,샘플구간C 시점,샘플구간C 종점,왕벚나무,23,중앙분리대,,온대중부,도심,127.1304483,35.8482079,EPSG:4326,JJ-00150
전주시 덕진구,샘플구간C,샘플구간C 시점,샘플구간C 종점,왕벚나무,22,중앙분리대,,온대중부,도심,127.1306062,35.8482605,EPSG:4326,JJ-00151
전주시 덕진구,샘플구간C,샘플구간C 시점,샘플구간C 종점,왕벚나무,42,보도,,온대중부,도심,127.1307641,35.8483131,EPSG:4326,JJ-00152
전주시 덕진구,샘플구간C,샘플구간C 시점,샘플구간C 종점,왕벚나무,20,중앙분리대,,온대중부,도심,127.1309220,35.8483658,EPSG:4326,JJ-00153
전주시 덕진구,샘플구간C,샘플구간C 시점,샘플구간C 종점,왕벚나무,23,보도,,온대중부,도심,127.1310799,35.8484184,EPSG:4326,JJ-00154
전주시 덕진구,샘플구간C,샘플구간C 시점,샘플구간C 종점,왕벚나무,25,중앙분리대,,온대중부,도심,211855.48,361239.31,5186,JJ-00155
전주시 덕진구,샘플구간C,샘플구간C 시점,샘플구간C 종점,왕벚나무,31,중앙분리대,,온대중부,도심,127.1313957,35.8485237,EPSG:4326,JJ-00156
전주시 덕진구,샘플구간C,샘플구간C 시점,샘플구간C 종점,왕벚나무,21,보도,,온대중부,도심,127.1315536,35.8485763,EPSG:4326,JJ-00157
전주시 덕진구,샘플구간C,샘플구간C 시점,샘플구간C 종점,왕벚나무,22,보도,,온대중부,도심,127.1317115,35.8486289,EPSG:4326,JJ-00158
전주시 덕진구,샘플구간C,샘플구간C 시점,샘플구간C 종점,왕벚나무,17,중앙분리대,,온대중부,도심,127.1318694,35.8486816,EPSG:4326,JJ-00159
전주시 덕진구,샘플구간C,샘플구간C 시점,샘플구간C 종점,왕벚나무,23,보도,,온대중부,도심,127.1320273,35.8487342,EPSG:4326,JJ-00160
전주시 덕진구,샘플구간C,샘플구간C 시점,샘플구간C 종점,왕벚나무,31,보도,,온대중부,도심,211941.02,361274.46,5186,JJ-00161
전주시 덕진구,샘플구간C,샘플구간C 시점,샘플구간C 종점,왕벚나무,25,중앙분리대,,온대중부,도심,127.1323431,35.8488395,EPSG:4326,JJ-00162
전주시 덕진구,샘플구간C,샘플구간C 시점,샘플구간C 종점,왕벚나무,22,보도,,온대중부,도심,127.1325010,35.8488921,EPSG:4326,JJ-00163
전주시 덕진구,샘플구간C,샘플구간C 시점,샘플구간C 종점,왕벚나무,18,중앙분리대,,온대중부,도심,211983.78,361292.04,5186,JJ-00164
전주시 덕진구,샘플구간C,샘플구간C 시점,샘플구간C 종점,왕벚나무,29,보도,,온대중부,도심,127.1328167,35.8489974,EPSG:4326,JJ-00165
전주시 덕진구,샘플구간C,샘플구간C 시점,샘플구간C 종점,왕벚나무,34,중앙분리대,,온대중부,도심,127.1329746,35.8490500,EPSG:4326,JJ-00166
전주시 덕진구,샘플구간C,샘플구간C 시점,샘플구간C 종점,왕벚나무,34,보도,,온대중부,도심,127.1270254,35.8469500,EPSG:4326,JJ-00167
전주시 덕진구,샘플구간C,샘플구간C 시점,샘플구간C 종점,왕벚나무,18,보도,,온대중부,도심,127.1271833,35.8470026,EPSG:4326,JJ-00168
전주시 덕진구,샘플구간C,샘플구간C 시점,샘플구간C 종점,왕벚나무,23,보도,,온대중부,도심,127.1273412,35.8470553,EPSG:4326,JJ-00169
전주시 덕진구,샘플구간C,샘플구간C 시점,샘플구간C 종점,왕벚나무,0,중앙분리대,,온대중부,도심,127.1274990,35.8471079,EPSG:4326,JJ-00170
전주시 덕진구,샘플구간C,샘플구간C 시점,샘플구간C 종점,왕벚나무,22,중앙분리대,,온대중부,도심,127.1276569,35.8471605,EPSG:4326,JJ-00171
전주시 덕진구,샘플구간C,샘플구간C 시점,샘플구간C 종점,왕벚나무,31,중앙분리대,,온대중부,도심,211546.44,361099.34,5186,JJ-00172
전주시 덕진구,샘플구간C,샘플구간C 시점,샘플구간C 종점,왕벚나무,18,보도,,온대중부,도심,127.1279727,35.8472658,EPSG:4326,JJ-00173
전주시 덕진구,샘플구간C,샘플구간C 시점,샘플구간C 종점,왕벚나무,24,보도,,온대중부,도심,127.1281306,35.8473184,EPSG:4326,JJ-00174
전주시 덕진구,샘플구간C,샘플구간C 시점,샘플구간C 종점,왕벚나무,20,중앙분리대,,온대중부,도심,127.1282885,35.8473711,EPSG:4326,JJ-00175
전주시 덕진구,샘플구간C,샘플구간C 시점,샘플구간C 종점,왕벚나무,17,보도,,온대중부,도심,127.1284464,35.8474237,EPSG:4326,JJ-00176
전주시 덕진구,샘플구간C,샘플구간C 시점,샘플구간C 종점,왕벚나무,30,중앙분리대,,온대중부,도심,127.1286043,35.8474763,EPSG:4326,JJ-00177
전주시 덕진구,샘플구간C,샘플구간C 시점,샘플구간C 종점,왕벚나무,20,보도,,온대중부,도심,127.1287622,35.8475290,EPSG:4326,JJ-00178
전주시 덕진구,샘플구간C,샘플구간C 시점,샘플구간C 종점,왕벚나무,30,보도,,온대중부,도심,127.1289201,35.8475816,EPSG:4326,JJ-00179
전주시 덕진구,샘플구간C,샘플구간C 시점,샘플구간C 종점,왕벚나무,20,보도,,온대중부,도심,127.1290780,35.8476342,EPSG:4326,JJ-00180
전주시 덕진구,샘플구간C,샘플구간C 시점,샘플구간C 종점,왕벚나무,23,보도,,온대중부,도심,127.1292359,35.8476869,EPSG:4326,JJ-00181
전주시 덕진구,샘플구간C,샘플구간C 시점,샘플구간C 종점,왕벚나무,999,보도,,온대중부,도심,127.1293938,35.8477395,EPSG:4326,JJ-00182
전주시 덕진구,샘플구간C,샘플구간C 시점,샘플구간C 종점,왕벚나무,24,보도,,온대중부,도심,127.1295517,35.8477921,EPSG:4326,JJ-00183
전주시 덕진구,샘플구간C,샘플구간C 시점,샘플구간C 종점,왕벚나무,24,보도,,온대중부,도심,127.1297096,35.8478447,EPSG:4326,JJ-00184
전주시 덕진구,샘플구간C,샘플구간C 시점,샘플구간C 종점,왕벚나무,19,중앙분리대,,온대중부,도심,127.1298675,35.8478974,EPSG:4326,JJ-00185
전주시 덕진구,샘플구간C,샘플구간C 시점,샘플구간C 종점,왕벚나무,28,보도,,온대중부,도심,127.1300254,35.8479500,EPSG:4326,JJ-00186
전주시 덕진구,샘플구간C,샘플구간C 시점,샘플구간C 종점,왕벚나무,15,중앙분리대,,온대중부,도심,127.1301833,35.8480026,EPSG:4326,JJ-00187
전주시 덕진구,샘플구간C,샘플구간C 시점,샘플구간C 종점,왕벚나무,32,보도,,온대중부,도심,211774.55,361193.08,5186,JJ-00188
전주시 덕진구,샘플구간C,샘플구간C 시점,샘플구간C 종점,왕벚나무,18,중앙분리대,,온대중부,도심,127.1304990,35.8481079,EPSG:4326,JJ-00189
전주시 덕진구,샘플구간C,샘플구간C 시점,샘플구간C 종점,왕벚나무,26,보도,,온대중부,도심,127.1306569,35.8481605,EPSG:4326,JJ-00190
전주시 덕진구,샘플구간C,샘플구간C 시점,샘플구간C 종점,왕벚나무,20,보도,,온대중부,도심,127.1308148,35.8482132,EPSG:4326,JJ-00191
전주시 덕진구,샘플구간C,샘플구간C 시점,샘플구간C 종점,왕벚나무,27,보도,,온대중부,도심,127.1309727,35.8482658,EPSG:4326,JJ-00192
전주시 덕진구,샘플구간C,샘플구간C 시점,샘플구간C 종점,왕벚나무,16,보도,,온대중부,도심,127.1311306,35.8483184,EPSG:4326,JJ-00193
전주시 덕진구,샘플구간C,샘플구간C 시점,샘플구간C 종점,왕벚나무,38,보도,,온대중부,도심,211860.08,361228.23,5186,JJ-00194
전주시 덕진구,샘플구간C,샘플구간C 시점,샘플구간C 종점,왕벚나무,26,중앙분리대,,온대중부,도심,211874.33,361234.09,5186,JJ-00195
전주시 덕진구,샘플구간C,샘플구간C 시점,샘플구간C 종점,왕벚나무,24,보도,,온대중부,도심,127.1316043,35.8484763,EPSG:4326,JJ-00196
전주시 덕진구,샘플구간C,샘플구간C 시점,샘플구간C 종점,왕벚나무,19,보도,,온대중부,도심,127.1317622,35.8485290,EPSG:4326,JJ-00197
전주시 덕진구,샘플구간C,샘플구간C 시점,샘플구간C 종점,왕벚나무,17,보도,,온대중부,도심,127.1319201,35.8485816,EPSG:4326,JJ-00198
전주시 덕진구,샘플구간C,샘플구간C 시점,샘플구간C 종점,왕벚나무,17,중앙분리대,,온대중부,도심,127.1320780,35.8486342,EPSG:4326,JJ-00199
전주시 덕진구,샘플구간C,샘플구간C 시점,샘플구간C 종점,왕벚나무,19,보도,,온대중부,도심,211945.61,361263.39,5186,JJ-00200
전주시 덕진구,샘플구간C,샘플구간C 시점,샘플구간C 종점,왕벚나무,22,중앙분리대,,온대중부,도심,127.1323938,35.8487395,EPSG:4326,JJ-00201
전주시 덕진구,샘플구간C,샘플구간C 시점,샘플구간C 종점,왕벚나무,27,보도,,온대중부,도심,127.1325517,35.8487921,EPSG:4326,JJ-00202
전주시 덕진구,샘플구간C,샘플구간C 시점,샘플구간C 종점,왕벚나무,31,보도,,온대중부,도심,127.1327096,35.8488447,EPSG:4326,JJ-00203
전주시 덕진구,샘플구간C,샘플구간C 시점,샘플구간C 종점,왕벚나무,,중앙분리대,,온대중부,도심,127.1328675,35.8488974,EPSG:4326,JJ-00204
전주시 덕진구,샘플구간C,샘플구간C 시점,샘플구간C 종점,왕벚나무,34,보도,,온대중부,도심,127.1330254,35.8489500,EPSG:4326,JJ-00205
전주시 덕진구,샘플구간D,샘플구간D 시점,샘플구간D 종점,이팝나무,11,보도,,온대중부,도심,127.1250000,35.8510541,EPSG:4326,JJ-00206
전주시 덕진구,샘플구간D,샘플구간D 시점,샘플구간D 종점, 이팝나무 ,12,보도,,온대중부,도심,127.1251695,35.8510541,EPSG:4326,JJ-00207
전주시 덕진구,샘플구간D,샘플구간D 시점,샘플구간D 종점,이팝나무,14,보도,,온대중부,도심,127.1253390,35.8510541,EPSG:4326,JJ-00208
전주시 덕진구,샘플구간D,샘플구간D 시점,샘플구간D 종점,이팝나무,14,중앙분리대,,온대중부,도심,127.1255085,35.8510541,EPSG:4326,JJ-00209
전주시 덕진구,샘플구간D,샘플구간D 시점,샘플구간D 종점,이팝나무,25,보도,,온대중부,도심,127.1256780,35.8510541,EPSG:4326,JJ-00210
전주시 덕진구,샘플구간D,샘플구간D 시점,샘플구간D 종점,이팝나무,11,보도,,온대중부,도심,127.1258475,35.8510541,EPSG:4326,JJ-00211
전주시 덕진구,샘플구간D,샘플구간D 시점,샘플구간D 종점,이팝나무,11,보도,,온대중부,도심,211383.48,361525.30,5186,JJ-00212
전주시 덕진구,샘플구간D,샘플구간D 시점,샘플구간D 종점,이팝나무,10,중앙분리대,,온대중부,도심,127.1261864,35.8510541,EPSG:4326,JJ-00213
전주시 덕진구,샘플구간D,샘플구간D 시점,샘플구간D 종점,이팝나무,15,보도,,온대중부,도심,127.1263559,35.8510541,EPSG:4326,JJ-00214
전주시 덕진구,샘플구간D,샘플구간D 시점,샘플구간D 종점,이팝나무,11,중앙분리대,,온대중부,도심,127.1265254,35.8510541,EPSG:4326,JJ-00215
전주시 덕진구,샘플구간D,샘플구간D 시점,샘플구간D 종점,이팝나무,12,중앙분리대,,온대중부,도심,127.1266949,35.8510541,EPSG:4326,JJ-00216
전주시 덕진구,샘플구간D,샘플구간D 시점,샘플구간D 종점,이팝나무,14,보도,,온대중부,도심,127.1268644,35.8510541,EPSG:4326,JJ-00217
전주시 덕진구,샘플구간D,샘플구간D 시점,샘플구간D 종점,이팝나무,9,보도,,온대중부,도심,127.1270339,35.8510541,EPSG:4326,JJ-00218
전주시 덕진구,샘플구간D,샘플구간D 시점,샘플구간D 종점,이팝나무,13,보도,,온대중부,도심,127.1272034,35.8510541,EPSG:4326,JJ-00219
전주시 덕진구,샘플구간D,샘플구간D 시점,샘플구간D 종점,이팝나무,15,보도,,온대중부,도심,127.1273729,35.8510541,EPSG:4326,JJ-00220
전주시 덕진구,샘플구간D,샘플구간D 시점,샘플구간D 종점,이팝나무,12,중앙분리대,,온대중부,도심,127.1275424,35.8510541,EPSG:4326,JJ-00221
전주시 덕진구,샘플구간D,샘플구간D 시점,샘플구간D 종점,이팝나무,13,보도,,온대중부,도심,127.1277119,35.8510541,EPSG:4326,JJ-00222
전주시 덕진구,샘플구간D,샘플구간D 시점,샘플구간D 종점,이팝나무,14,중앙분리대,,온대중부,도심,127.1278814,35.8510541,EPSG:4326,JJ-00223
전주시 덕진구,샘플구간D,샘플구간D 시점,샘플구간D 종점,이팝나무,15,보도,,온대중부,도심,127.1280508,35.8510541,EPSG:4326,JJ-00224
전주시 덕진구,샘플구간D,샘플구간D 시점,샘플구간D 종점,이팝나무,12,보도,,온대중부,도심,127.1282203,35.8510541,EPSG:4326,JJ-00225
전주시 덕진구,샘플구간D,샘플구간D 시점,샘플구간D 종점,이팝나무,16,보도,,온대중부,도심,127.1283898,35.8510541,EPSG:4326,JJ-00226
전주시 덕진구,샘플구간D,샘플구간D 시점,샘플구간D 종점,이팝나무,15,중앙분리대,,온대중부,도심,127.1285593,35.8510541,EPSG:4326,JJ-00227
전주시 덕진구,샘플구간D,샘플구간D 시점,샘플구간D 종점,이팝나무,13,보도,,온대중부,도심,127.1287288,35.8510541,EPSG:4326,JJ-00228
전주시 덕진구,샘플구간D,샘플구간D 시점,샘플구간D 종점,이팝나무,16,보도,,온대중부,도심,127.1288983,35.8510541,EPSG:4326,JJ-00229
전주시 덕진구,샘플구간D,샘플구간D 시점,샘플구간D 종점,이팝나무,16,보도,,온대중부,도심,211659.08,361525.66,5186,JJ-00230
전주시 덕진구,샘플구간D,샘플구간D 시점,샘플구간D 종점,이팝나무,19,보도,,온대중부,도심,127.1292373,35.8510541,EPSG:4326,JJ-00231
전주시 덕진구,샘플구간D,샘플구간D 시점,샘플구간D 종점,이팝나무,19,중앙분리대,,온대중부,도심,127.1294068,35.8510541,EPSG:4326,JJ-00232
전주시 덕진구,샘플구간D,샘플구간D 시점,샘플구간D 종점,이팝나무,7,중앙분리대,,온대중부,도심,127.1295763,35.8510541,EPSG:4326,JJ-00233
전주시 덕진구,샘플구간D,샘플구간D 시점,샘플구간D 종점,이팝나무,9,중앙분리대,,온대중부,도심,127.1297458,35.8510541,EPSG:4326,JJ-00234
전주시 덕진구,샘플구간D,샘플구간D 시점,샘플구간D 종점,이팝나무,21,보도,,온대중부,도심,127.1299153,35.8510541,EPSG:4326,JJ-00235
전주시 덕진구,샘플구간D,샘플구간D 시점,샘플구간D 종점,이팝나무,24,보도,,온대중부,도심,127.1300847,35.8510541,EPSG:4326,JJ-00236
전주시 덕진구,샘플구간D,샘플구간D 시점,샘플구간D 종점,이팝나무,14,보도,,온대중부,도심,127.1302542,35.8510541,EPSG:4326,JJ-00237
전주시 덕진구,샘플구간D,샘플구간D 시점,샘플구간D 종점,이팝나무,11,보도,,온대중부,도심,127.1304237,35.8510541,EPSG:4326,JJ-00238
전주시 덕진구,샘플구간D,샘플구간D 시점,샘플구간D 종점,이팝나무,16,중앙분리대,,온대중부,도심,127.1305932,35.8510541,EPSG:4326,JJ-00239
전주시 덕진구,샘플구간D,샘플구간D 시점,샘플구간D 종점,이팝나무,11,중앙분리대,,온대중부,도심,127.1307627,35.8510541,EPSG:4326,JJ-00240
전주시 덕진구,샘플구간D,샘플구간D 시점,샘플구간D 종점,이팝나무,17,보도,,온대중부,도심,127.1309322,35.8510541,EPSG:4326,JJ-00241
전주시 덕진구,샘플구간D,샘플구간D 시점,샘플구간D 종점,이팝나무,16,보도,,온대중부,도심,127.1311017,35.8510541,EPSG:4326,JJ-00242
전주시 덕진구,샘플구간D,샘플구간D 시점,샘플구간D 종점,이팝나무,16,중앙분리대,,온대중부,도심,127.1312712,35.8510541,EPSG:4326,JJ-00243
전주시 덕진구,샘플구간D,샘플구간D 시점,샘플구간D 종점,이팝나무,17,중앙분리대,,온대중부,도심,127.1314407,35.8510541,EPSG:4326,JJ-00244
전주시 덕진구,샘플구간D,샘플구간D 시점,샘플구간D 종점,이팝나무,15,중앙분리대,,온대중부,도심,127.1316102,35.8510541,EPSG:4326,JJ-00245
전주시 덕진구,샘플구간D,샘플구간D 시점,샘플구간D 종점,이팝나무,12,보도,,온대중부,도심,127.1317797,35.8510541,EPSG:4326,JJ-00246
전주시 덕진구,샘플구간D,샘플구간D 시점,샘플구간D 종점,이팝나무,7,보도,,온대중부,도심,127.1319492,35.8510541,EPSG:4326,JJ-00247
전주시 덕진구,샘플구간D,샘플구간D 시점,샘플구간D 종점,이팝나무,16,보도,,온대중부,도심,127.1321186,35.8510541,EPSG:4326,JJ-00248
전주시 덕진구,샘플구간D,샘플구간D 시점,샘플구간D 종점,이팝나무,14,보도,,온대중부,도심,127.1322881,35.8510541,EPSG:4326,JJ-00249
전주시 덕진구,샘플구간D,샘플구간D 시점,샘플구간D 종점,이팝나무,13,중앙분리대,,온대중부,도심,127.1324576,35.8510541,EPSG:4326,JJ-00250
전주시 덕진구,샘플구간D,샘플구간D 시점,샘플구간D 종점,이팝나무,999,보도,,온대중부,도심,127.1326271,35.8510541,EPSG:4326,JJ-00251
전주시 덕진구,샘플구간D,샘플구간D 시점,샘플구간D 종점,이팝나무,15,중앙분리대,,온대중부,도심,127.1327966,35.8510541,EPSG:4326,JJ-00252
전주시 덕진구,샘플구간D,샘플구간D 시점,샘플구간D 종점,이팝나무,18,중앙분리대,,온대중부,도심,127.1329661,35.8510541,EPSG:4326,JJ-00253
전주시 덕진구,샘플구간D,샘플구간D 시점,샘플구간D 종점,이팝나무,18,보도,,온대중부,도심,127.1331356,35.8510541,EPSG:4326,JJ-00254
전주시 덕진구,샘플구간D,샘플구간D 시점,샘플구간D 종점,이팝나무,13,중앙분리대,,온대중부,도심,127.1333051,35.8510541,EPSG:4326,JJ-00255
전주시 덕진구,샘플구간D,샘플구간D 시점,샘플구간D 종점,이팝나무,21,중앙분리대,,온대중부,도심,127.1334746,35.8510541,EPSG:4326,JJ-00256
전주시 덕진구,샘플구간D,샘플구간D 시점,샘플구간D 종점,이팝나무,22,보도,,온대중부,도심,127.1336441,35.8510541,EPSG:4326,JJ-00257
전주시 덕진구,샘플구간D,샘플구간D 시점,샘플구간D 종점,이팝나무,13,중앙분리대,,온대중부,도심,127.1338136,35.8510541,EPSG:4326,JJ-00258
전주시 덕진구,샘플구간D,샘플구간D 시점,샘플구간D 종점,이팝나무,19,보도,,온대중부,도심,127.1339831,35.8510541,EPSG:4326,JJ-00259
전주시 덕진구,샘플구간D,샘플구간D 시점,샘플구간D 종점,이팝나무,15,보도,,온대중부,도심,127.1341525,35.8510541,EPSG:4326,JJ-00260
전주시 덕진구,샘플구간D,샘플구간D 시점,샘플구간D 종점,이팝나무,9,보도,,온대중부,도심,127.1343220,35.8510541,EPSG:4326,JJ-00261
전주시 덕진구,샘플구간D,샘플구간D 시점,샘플구간D 종점,이팝나무,16,보도,,온대중부,도심,127.1344915,35.8510541,EPSG:4326,JJ-00262
전주시 덕진구,샘플구간D,샘플구간D 시점,샘플구간D 종점,이팝나무,19,보도,,온대중부,도심,127.1346610,35.8510541,EPSG:4326,JJ-00263
전주시 덕진구,샘플구간D,샘플구간D 시점,샘플구간D 종점,이팝나무,11,보도,,온대중부,도심,127.1348305,35.8510541,EPSG:4326,JJ-00264
전주시 덕진구,샘플구간D,샘플구간D 시점,샘플구간D 종점,이팝나무,15,보도,,온대중부,도심,,,EPSG:4326,JJ-00265
전주시 덕진구,샘플구간E,샘플구간E 시점,샘플구간E 종점,소나무,21,중앙분리대,,온대중부,도심,127.1259333,35.8440000,EPSG:4326,JJ-00266
전주시 덕진구,샘플구간E,샘플구간E 시점,샘플구간E 종점,단풍나무,13,보도,,온대중부,도심,127.1259333,35.8441364,EPSG:4326,JJ-00267
전주시 덕진구,샘플구간E,샘플구간E 시점,샘플구간E 종점,메타세쿼이아,33,보도,,온대중부,도심,127.1259333,35.8442727,EPSG:4326,JJ-00268
전주시 덕진구,샘플구간E,샘플구간E 시점,샘플구간E 종점,단풍나무,11,보도,,온대중부,도심,127.1259333,35.8444091,EPSG:4326,JJ-00269
전주시 덕진구,샘플구간E,샘플구간E 시점,샘플구간E 종점,단풍나무,25,보도,,온대중부,도심,127.1259333,35.8445455,EPSG:4326,JJ-00270
전주시 덕진구,샘플구간E,샘플구간E 시점,샘플구간E 종점,회화나무,22,보도,,온대중부,도심,127.1259333,35.8446818,EPSG:4326,JJ-00271
전주시 덕진구,샘플구간E,샘플구간E 시점,샘플구간E 종점,단풍나무,13,보도,,온대중부,도심,127.1259333,35.8448182,EPSG:4326,JJ-00272
전주시 덕진구,샘플구간E,샘플구간E 시점,샘플구간E 종점,메타세쿼이아,33,보도,,온대중부,도심,127.1259333,35.8449545,EPSG:4326,JJ-00273
전주시 덕진구,샘플구간E,샘플구간E 시점,샘플구간E 종점,단풍나무,8,중앙분리대,,온대중부,도심,127.1259333,35.8450909,EPSG:4326,JJ-00274
전주시 덕진구,샘플구간E,샘플구간E 시점,샘플구간E 종점,소나무,24,보도,,온대중부,도심,127.1259333,35.8452273,EPSG:4326,JJ-00275
전주시 덕진구,샘플구간E,샘플구간E 시점,샘플구간E 종점,단풍나무,14,보도,,온대중부,도심,127.1259333,35.8453636,EPSG:4326,JJ-00276
전주시 덕진구,샘플구간E,샘플구간E 시점,샘플구간E 종점,메타세쿼이아,30,보도,,온대중부,도심,127.1259333,35.8455000,EPSG:4326,JJ-00277
전주시 덕진구,샘플구간E,샘플구간E 시점,샘플구간E 종점,단풍나무,12,중앙분리대,,온대중부,도심,211376.70,360924.16,5186,JJ-00278
전주시 덕진구,샘플구간E,샘플구간E 시점,샘플구간E 종점,메타세쿼이아,40,중앙분리대,,온대중부,도심,127.1259333,35.8457727,EPSG:4326,JJ-00279
전주시 덕진구,샘플구간E,샘플구간E 시점,샘플구간E 종점,단풍나무,12,중앙분리대,,온대중부,도심,127.1259333,35.8459091,EPSG:4326,JJ-00280
전주시 덕진구,샘플구간E,샘플구간E 시점,샘플구간E 종점,단풍나무,16,보도,,온대중부,도심,127.1259333,35.8460455,EPSG:4326,JJ-00281
전주시 덕진구,샘플구간E,샘플구간E 시점,샘플구간E 종점,단풍나무,12,보도,,온대중부,도심,127.1259333,35.8461818,EPSG:4326,JJ-00282
전주시 덕진구,샘플구간E,샘플구간E 시점,샘플구간E 종점,양버즘나무,51,보도,,온대중부,도심,127.1259333,35.8463182,EPSG:4326,JJ-00283
전주시 덕진구,샘플구간E,샘플구간E 시점,샘플구간E 종점,단풍나무,24,보도,,온대중부,도심,,,EPSG:4326,JJ-00284
전주시 덕진구,샘플구간E,샘플구간E 시점,샘플구간E 종점,단풍나무,12,중앙분리대,,온대중부,도심,127.1259333,35.8465909,EPSG:4326,JJ-00285
전주시 덕진구,샘플구간E,샘플구간E 시점,샘플구간E 종점,단풍나무,16,보도,,온대중부,도심,127.1259333,35.8467273,EPSG:4326,JJ-00286
전주시 덕진구,샘플구간E,샘플구간E 시점,샘플구간E 종점,단풍나무,23,중앙분리대,,온대중부,도심,127.1259333,35.8468636,EPSG:4326,JJ-00287
전주시 덕진구,샘플구간E,샘플구간E 시점,샘플구간E 종점,소나무,24,중앙분리대,,온대중부,도심,127.1259333,35.8470000,EPSG:4326,JJ-00288
전주시 덕진구,샘플구간E,샘플구간E 시점,샘플구간E 종점,메타세쿼이아,28,보도,,온대중부,도심,35.8471364,127.1259333,EPSG:4326,JJ-00289
전주시 덕진구,샘플구간E,샘플구간E 시점,샘플구간E 종점,소나무,22,중앙분리대,,온대중부,도심,127.1259333,35.8472727,EPSG:4326,JJ-00290
전주시 덕진구,샘플구간E,샘플구간E 시점,샘플구간E 종점,미상,30,보도,,온대중부,도심,127.1259333,35.8474091,EPSG:4326,JJ-00291
전주시 덕진구,샘플구간E,샘플구간E 시점,샘플구간E 종점,소나무,17,보도,,온대중부,도심,127.1259333,35.8475455,EPSG:4326,JJ-00292
전주시 덕진구,샘플구간E,샘플구간E 시점,샘플구간E 종점,메타세쿼이아,28,중앙분리대,,온대중부,도심,211376.41,361151.11,5186,JJ-00293
전주시 덕진구,샘플구간E,샘플구간E 시점,샘플구간E 종점,양버즘나무,54,보도,,온대중부,도심,35.8478182,127.1259333,EPSG:4326,JJ-00294
전주시 덕진구,샘플구간E,샘플구간E 시점,샘플구간E 종점,메타세쿼이아,40,보도,,온대중부,도심,127.1259333,35.8479545,EPSG:4326,JJ-00295
전주시 덕진구,샘플구간E,샘플구간E 시점,샘플구간E 종점,양버즘나무,29,중앙분리대,,온대중부,도심,127.1259333,35.8480909,EPSG:4326,JJ-00296
전주시 덕진구,샘플구간E,샘플구간E 시점,샘플구간E 종점,회화나무,16,중앙분리대,,온대중부,도심,127.1259333,35.8482273,EPSG:4326,JJ-00297
전주시 덕진구,샘플구간E,샘플구간E 시점,샘플구간E 종점,메타세쿼이아,21,중앙분리대,,온대중부,도심,127.1259333,35.8483636,EPSG:4326,JJ-00298
전주시 덕진구,샘플구간E,샘플구간E 시점,샘플구간E 종점,메타세쿼이아,24,보도,,온대중부,도심,127.1259333,35.8485000,EPSG:4326,JJ-00299
전주시 덕진구,샘플구간E,샘플구간E 시점,샘플구간E 종점,단풍나무,12,보도,,온대중부,도심,127.1259333,35.8486364,EPSG:4326,JJ-00300
전주시 덕진구,샘플구간E,샘플구간E 시점,샘플구간E 종점,메타세쿼이아,29,중앙분리대,,온대중부,도심,211376.25,361272.15,5186,JJ-00301
전주시 덕진구,샘플구간E,샘플구간E 시점,샘플구간E 종점,메타세쿼이아,32,보도,,온대중부,도심,127.1259333,35.8489091,EPSG:4326,JJ-00302
전주시 덕진구,샘플구간E,샘플구간E 시점,샘플구간E 종점,단풍나무,24,보도,,온대중부,도심,127.1259333,35.8490455,EPSG:4326,JJ-00303
전주시 덕진구,샘플구간E,샘플구간E 시점,샘플구간E 종점,메타세쿼이아,28,보도,,온대중부,도심,127.1259333,35.8491818,EPSG:4326,JJ-00304
전주시 덕진구,샘플구간E,샘플구간E 시점,샘플구간E 종점,메타세쿼이아,32,중앙분리대,,온대중부,도심,127.1259333,35.8493182,EPSG:4326,JJ-00305
전주시 덕진구,샘플구간E,샘플구간E 시점,샘플구간E 종점,단풍나무,13,보도,,온대중부,도심,127.1259333,35.8494545,EPSG:4326,JJ-00306
전주시 덕진구,샘플구간E,샘플구간E 시점,샘플구간E 종점,단풍나무,13,보도,,온대중부,도심,127.1259333,35.8495909,EPSG:4326,JJ-00307
전주시 덕진구,샘플구간E,샘플구간E 시점,샘플구간E 종점,메타세쿼이아,50,중앙분리대,,온대중부,도심,127.1259333,35.8497273,EPSG:4326,JJ-00308
전주시 덕진구,샘플구간E,샘플구간E 시점,샘플구간E 종점,메타세쿼이아,31,중앙분리대,,온대중부,도심,127.1259333,35.8498636,EPSG:4326,JJ-00309
전주시 덕진구,샘플구간E,샘플구간E 시점,샘플구간E 종점,양버즘나무,34,보도,,온대중부,도심,127.1259333,35.8500000,EPSG:4326,JJ-00310
전주시 덕진구,샘플구간E,샘플구간E 시점,샘플구간E 종점,양버즘나무,51,보도,,온대중부,도심,127.1259333,35.8463182,EPSG:4326,JJ-D0001
전주시 덕진구,샘플구간A,샘플구간A 시점,샘플구간A 종점,느티나무,28,중앙분리대,,온대중부,도심,127.1326271,35.8420541,EPSG:4326,JJ-D0002
